<?xml version="1.0" encoding="utf-8"?>
<odoo>
  <data noupdate="1">
    <record id="tax_group_rg5329" model="account.tax.group">
      <field name="name">Percepciones RG 5329</field>
      <field name="sequence">20</field>
    </record>
    <record id="tax_rg5329_pais_25" model="account.tax">
      <field name="name">Percepción RG 5329 - PAIS 3%</field>
      <field name="amount">3.0</field>
      <field name="amount_type">percent</field>
      <field name="type_tax_use">sale</field>
      <field name="price_include">False</field>
      <field name="include_base_amount">False</field>
      <field name="description">Percep. RG 5329</field>
      <field name="tax_group_id" ref="rg5329_tax_module.tax_group_rg5329"/>
    </record>
  </data>
</odoo>
